cal_date,Month_num,month_name,year,weekday_num,weekday_name
01-Jan-23,1,January,2023,7,Sunday
02-Jan-23,1,January,2023,1,Monday
03-Jan-23,1,January,2023,2,Tuesday
04-Jan-23,1,January,2023,3,Wednesday
05-Jan-23,1,January,2023,4,Thursday
06-Jan-23,1,January,2023,5,Friday
07-Jan-23,1,January,2023,6,Saturday
08-Jan-23,1,January,2023,7,Sunday
09-Jan-23,1,January,2023,1,Monday
10-Jan-23,1,January,2023,2,Tuesday
11-Jan-23,1,January,2023,3,Wednesday
12-Jan-23,1,January,2023,4,Thursday
13-Jan-23,1,January,2023,5,Friday
14-Jan-23,1,January,2023,6,Saturday
15-Jan-23,1,January,2023,7,Sunday
16-Jan-23,1,January,2023,1,Monday
17-Jan-23,1,January,2023,2,Tuesday
18-Jan-23,1,January,2023,3,Wednesday
19-Jan-23,1,January,2023,4,Thursday
20-Jan-23,1,January,2023,5,Friday
21-Jan-23,1,January,2023,6,Saturday
22-Jan-23,1,January,2023,7,Sunday
23-Jan-23,1,January,2023,1,Monday
24-Jan-23,1,January,2023,2,Tuesday
25-Jan-23,1,January,2023,3,Wednesday
26-Jan-23,1,January,2023,4,Thursday
27-Jan-23,1,January,2023,5,Friday
28-Jan-23,1,January,2023,6,Saturday
29-Jan-23,1,January,2023,7,Sunday
30-Jan-23,1,January,2023,1,Monday
31-Jan-23,1,January,2023,2,Tuesday
01-Feb-23,2,February,2023,3,Wednesday
02-Feb-23,2,February,2023,4,Thursday
03-Feb-23,2,February,2023,5,Friday
04-Feb-23,2,February,2023,6,Saturday
05-Feb-23,2,February,2023,7,Sunday
06-Feb-23,2,February,2023,1,Monday
07-Feb-23,2,February,2023,2,Tuesday
08-Feb-23,2,February,2023,3,Wednesday
09-Feb-23,2,February,2023,4,Thursday
10-Feb-23,2,February,2023,5,Friday
11-Feb-23,2,February,2023,6,Saturday
12-Feb-23,2,February,2023,7,Sunday
13-Feb-23,2,February,2023,1,Monday
14-Feb-23,2,February,2023,2,Tuesday
15-Feb-23,2,February,2023,3,Wednesday
16-Feb-23,2,February,2023,4,Thursday
17-Feb-23,2,February,2023,5,Friday
18-Feb-23,2,February,2023,6,Saturday
19-Feb-23,2,February,2023,7,Sunday
20-Feb-23,2,February,2023,1,Monday
21-Feb-23,2,February,2023,2,Tuesday
22-Feb-23,2,February,2023,3,Wednesday
23-Feb-23,2,February,2023,4,Thursday
24-Feb-23,2,February,2023,5,Friday
25-Feb-23,2,February,2023,6,Saturday
26-Feb-23,2,February,2023,7,Sunday
27-Feb-23,2,February,2023,1,Monday
28-Feb-23,2,February,2023,2,Tuesday
01-Mar-23,3,March,2023,3,Wednesday
02-Mar-23,3,March,2023,4,Thursday
03-Mar-23,3,March,2023,5,Friday
04-Mar-23,3,March,2023,6,Saturday
05-Mar-23,3,March,2023,7,Sunday
06-Mar-23,3,March,2023,1,Monday
07-Mar-23,3,March,2023,2,Tuesday
08-Mar-23,3,March,2023,3,Wednesday
09-Mar-23,3,March,2023,4,Thursday
10-Mar-23,3,March,2023,5,Friday
11-Mar-23,3,March,2023,6,Saturday
12-Mar-23,3,March,2023,7,Sunday
13-Mar-23,3,March,2023,1,Monday
14-Mar-23,3,March,2023,2,Tuesday
15-Mar-23,3,March,2023,3,Wednesday
16-Mar-23,3,March,2023,4,Thursday
17-Mar-23,3,March,2023,5,Friday
18-Mar-23,3,March,2023,6,Saturday
19-Mar-23,3,March,2023,7,Sunday
20-Mar-23,3,March,2023,1,Monday
21-Mar-23,3,March,2023,2,Tuesday
22-Mar-23,3,March,2023,3,Wednesday
23-Mar-23,3,March,2023,4,Thursday
24-Mar-23,3,March,2023,5,Friday
25-Mar-23,3,March,2023,6,Saturday
26-Mar-23,3,March,2023,7,Sunday
27-Mar-23,3,March,2023,1,Monday
28-Mar-23,3,March,2023,2,Tuesday
29-Mar-23,3,March,2023,3,Wednesday
30-Mar-23,3,March,2023,4,Thursday
31-Mar-23,3,March,2023,5,Friday
01-Apr-23,4,April,2023,6,Saturday
02-Apr-23,4,April,2023,7,Sunday
03-Apr-23,4,April,2023,1,Monday
04-Apr-23,4,April,2023,2,Tuesday
05-Apr-23,4,April,2023,3,Wednesday
06-Apr-23,4,April,2023,4,Thursday
07-Apr-23,4,April,2023,5,Friday
08-Apr-23,4,April,2023,6,Saturday
09-Apr-23,4,April,2023,7,Sunday
10-Apr-23,4,April,2023,1,Monday
11-Apr-23,4,April,2023,2,Tuesday
12-Apr-23,4,April,2023,3,Wednesday
13-Apr-23,4,April,2023,4,Thursday
14-Apr-23,4,April,2023,5,Friday
15-Apr-23,4,April,2023,6,Saturday
16-Apr-23,4,April,2023,7,Sunday
17-Apr-23,4,April,2023,1,Monday
18-Apr-23,4,April,2023,2,Tuesday
19-Apr-23,4,April,2023,3,Wednesday
20-Apr-23,4,April,2023,4,Thursday
21-Apr-23,4,April,2023,5,Friday
22-Apr-23,4,April,2023,6,Saturday
23-Apr-23,4,April,2023,7,Sunday
24-Apr-23,4,April,2023,1,Monday
25-Apr-23,4,April,2023,2,Tuesday
26-Apr-23,4,April,2023,3,Wednesday
27-Apr-23,4,April,2023,4,Thursday
28-Apr-23,4,April,2023,5,Friday
29-Apr-23,4,April,2023,6,Saturday
30-Apr-23,4,April,2023,7,Sunday
01-May-23,5,May,2023,1,Monday
02-May-23,5,May,2023,2,Tuesday
03-May-23,5,May,2023,3,Wednesday
04-May-23,5,May,2023,4,Thursday
05-May-23,5,May,2023,5,Friday
06-May-23,5,May,2023,6,Saturday
07-May-23,5,May,2023,7,Sunday
08-May-23,5,May,2023,1,Monday
09-May-23,5,May,2023,2,Tuesday
10-May-23,5,May,2023,3,Wednesday
11-May-23,5,May,2023,4,Thursday
12-May-23,5,May,2023,5,Friday
13-May-23,5,May,2023,6,Saturday
14-May-23,5,May,2023,7,Sunday
15-May-23,5,May,2023,1,Monday
16-May-23,5,May,2023,2,Tuesday
17-May-23,5,May,2023,3,Wednesday
18-May-23,5,May,2023,4,Thursday
19-May-23,5,May,2023,5,Friday
20-May-23,5,May,2023,6,Saturday
21-May-23,5,May,2023,7,Sunday
22-May-23,5,May,2023,1,Monday
23-May-23,5,May,2023,2,Tuesday
24-May-23,5,May,2023,3,Wednesday
25-May-23,5,May,2023,4,Thursday
26-May-23,5,May,2023,5,Friday
27-May-23,5,May,2023,6,Saturday
28-May-23,5,May,2023,7,Sunday
29-May-23,5,May,2023,1,Monday
30-May-23,5,May,2023,2,Tuesday
31-May-23,5,May,2023,3,Wednesday
01-Jun-23,6,June,2023,4,Thursday
02-Jun-23,6,June,2023,5,Friday
03-Jun-23,6,June,2023,6,Saturday
04-Jun-23,6,June,2023,7,Sunday
05-Jun-23,6,June,2023,1,Monday
06-Jun-23,6,June,2023,2,Tuesday
07-Jun-23,6,June,2023,3,Wednesday
08-Jun-23,6,June,2023,4,Thursday
09-Jun-23,6,June,2023,5,Friday
10-Jun-23,6,June,2023,6,Saturday
11-Jun-23,6,June,2023,7,Sunday
12-Jun-23,6,June,2023,1,Monday
13-Jun-23,6,June,2023,2,Tuesday
14-Jun-23,6,June,2023,3,Wednesday
15-Jun-23,6,June,2023,4,Thursday
16-Jun-23,6,June,2023,5,Friday
17-Jun-23,6,June,2023,6,Saturday
18-Jun-23,6,June,2023,7,Sunday
19-Jun-23,6,June,2023,1,Monday
20-Jun-23,6,June,2023,2,Tuesday
21-Jun-23,6,June,2023,3,Wednesday
22-Jun-23,6,June,2023,4,Thursday
23-Jun-23,6,June,2023,5,Friday
24-Jun-23,6,June,2023,6,Saturday
25-Jun-23,6,June,2023,7,Sunday
26-Jun-23,6,June,2023,1,Monday
27-Jun-23,6,June,2023,2,Tuesday
28-Jun-23,6,June,2023,3,Wednesday
29-Jun-23,6,June,2023,4,Thursday
30-Jun-23,6,June,2023,5,Friday
01-Jul-23,7,July,2023,6,Saturday
02-Jul-23,7,July,2023,7,Sunday
03-Jul-23,7,July,2023,1,Monday
04-Jul-23,7,July,2023,2,Tuesday
05-Jul-23,7,July,2023,3,Wednesday
06-Jul-23,7,July,2023,4,Thursday
07-Jul-23,7,July,2023,5,Friday
08-Jul-23,7,July,2023,6,Saturday
09-Jul-23,7,July,2023,7,Sunday
10-Jul-23,7,July,2023,1,Monday
11-Jul-23,7,July,2023,2,Tuesday
12-Jul-23,7,July,2023,3,Wednesday
13-Jul-23,7,July,2023,4,Thursday
14-Jul-23,7,July,2023,5,Friday
15-Jul-23,7,July,2023,6,Saturday
16-Jul-23,7,July,2023,7,Sunday
17-Jul-23,7,July,2023,1,Monday
18-Jul-23,7,July,2023,2,Tuesday
19-Jul-23,7,July,2023,3,Wednesday
20-Jul-23,7,July,2023,4,Thursday
21-Jul-23,7,July,2023,5,Friday
22-Jul-23,7,July,2023,6,Saturday
23-Jul-23,7,July,2023,7,Sunday
24-Jul-23,7,July,2023,1,Monday
25-Jul-23,7,July,2023,2,Tuesday
26-Jul-23,7,July,2023,3,Wednesday
27-Jul-23,7,July,2023,4,Thursday
28-Jul-23,7,July,2023,5,Friday
29-Jul-23,7,July,2023,6,Saturday
30-Jul-23,7,July,2023,7,Sunday
31-Jul-23,7,July,2023,1,Monday
01-Aug-23,8,August,2023,2,Tuesday
02-Aug-23,8,August,2023,3,Wednesday
03-Aug-23,8,August,2023,4,Thursday
04-Aug-23,8,August,2023,5,Friday
05-Aug-23,8,August,2023,6,Saturday
06-Aug-23,8,August,2023,7,Sunday
07-Aug-23,8,August,2023,1,Monday
08-Aug-23,8,August,2023,2,Tuesday
09-Aug-23,8,August,2023,3,Wednesday
10-Aug-23,8,August,2023,4,Thursday
11-Aug-23,8,August,2023,5,Friday
12-Aug-23,8,August,2023,6,Saturday
13-Aug-23,8,August,2023,7,Sunday
14-Aug-23,8,August,2023,1,Monday
15-Aug-23,8,August,2023,2,Tuesday
16-Aug-23,8,August,2023,3,Wednesday
17-Aug-23,8,August,2023,4,Thursday
18-Aug-23,8,August,2023,5,Friday
19-Aug-23,8,August,2023,6,Saturday
20-Aug-23,8,August,2023,7,Sunday
21-Aug-23,8,August,2023,1,Monday
22-Aug-23,8,August,2023,2,Tuesday
23-Aug-23,8,August,2023,3,Wednesday
24-Aug-23,8,August,2023,4,Thursday
25-Aug-23,8,August,2023,5,Friday
26-Aug-23,8,August,2023,6,Saturday
27-Aug-23,8,August,2023,7,Sunday
28-Aug-23,8,August,2023,1,Monday
29-Aug-23,8,August,2023,2,Tuesday
30-Aug-23,8,August,2023,3,Wednesday
31-Aug-23,8,August,2023,4,Thursday
01-Sep-23,9,September,2023,5,Friday
02-Sep-23,9,September,2023,6,Saturday
03-Sep-23,9,September,2023,7,Sunday
04-Sep-23,9,September,2023,1,Monday
05-Sep-23,9,September,2023,2,Tuesday
06-Sep-23,9,September,2023,3,Wednesday
07-Sep-23,9,September,2023,4,Thursday
08-Sep-23,9,September,2023,5,Friday
09-Sep-23,9,September,2023,6,Saturday
10-Sep-23,9,September,2023,7,Sunday
11-Sep-23,9,September,2023,1,Monday
12-Sep-23,9,September,2023,2,Tuesday
13-Sep-23,9,September,2023,3,Wednesday
14-Sep-23,9,September,2023,4,Thursday
15-Sep-23,9,September,2023,5,Friday
16-Sep-23,9,September,2023,6,Saturday
17-Sep-23,9,September,2023,7,Sunday
18-Sep-23,9,September,2023,1,Monday
19-Sep-23,9,September,2023,2,Tuesday
20-Sep-23,9,September,2023,3,Wednesday
21-Sep-23,9,September,2023,4,Thursday
22-Sep-23,9,September,2023,5,Friday
23-Sep-23,9,September,2023,6,Saturday
24-Sep-23,9,September,2023,7,Sunday
25-Sep-23,9,September,2023,1,Monday
26-Sep-23,9,September,2023,2,Tuesday
27-Sep-23,9,September,2023,3,Wednesday
28-Sep-23,9,September,2023,4,Thursday
29-Sep-23,9,September,2023,5,Friday
30-Sep-23,9,September,2023,6,Saturday
01-Oct-23,10,October,2023,7,Sunday
02-Oct-23,10,October,2023,1,Monday
03-Oct-23,10,October,2023,2,Tuesday
04-Oct-23,10,October,2023,3,Wednesday
05-Oct-23,10,October,2023,4,Thursday
06-Oct-23,10,October,2023,5,Friday
07-Oct-23,10,October,2023,6,Saturday
08-Oct-23,10,October,2023,7,Sunday
09-Oct-23,10,October,2023,1,Monday
10-Oct-23,10,October,2023,2,Tuesday
11-Oct-23,10,October,2023,3,Wednesday
12-Oct-23,10,October,2023,4,Thursday
13-Oct-23,10,October,2023,5,Friday
14-Oct-23,10,October,2023,6,Saturday
15-Oct-23,10,October,2023,7,Sunday
16-Oct-23,10,October,2023,1,Monday
17-Oct-23,10,October,2023,2,Tuesday
18-Oct-23,10,October,2023,3,Wednesday
19-Oct-23,10,October,2023,4,Thursday
20-Oct-23,10,October,2023,5,Friday
21-Oct-23,10,October,2023,6,Saturday
22-Oct-23,10,October,2023,7,Sunday
23-Oct-23,10,October,2023,1,Monday
24-Oct-23,10,October,2023,2,Tuesday
25-Oct-23,10,October,2023,3,Wednesday
26-Oct-23,10,October,2023,4,Thursday
27-Oct-23,10,October,2023,5,Friday
28-Oct-23,10,October,2023,6,Saturday
29-Oct-23,10,October,2023,7,Sunday
30-Oct-23,10,October,2023,1,Monday
31-Oct-23,10,October,2023,2,Tuesday
01-Nov-23,11,November,2023,3,Wednesday
02-Nov-23,11,November,2023,4,Thursday
03-Nov-23,11,November,2023,5,Friday
04-Nov-23,11,November,2023,6,Saturday
05-Nov-23,11,November,2023,7,Sunday
06-Nov-23,11,November,2023,1,Monday
07-Nov-23,11,November,2023,2,Tuesday
08-Nov-23,11,November,2023,3,Wednesday
09-Nov-23,11,November,2023,4,Thursday
10-Nov-23,11,November,2023,5,Friday
11-Nov-23,11,November,2023,6,Saturday
12-Nov-23,11,November,2023,7,Sunday
13-Nov-23,11,November,2023,1,Monday
14-Nov-23,11,November,2023,2,Tuesday
15-Nov-23,11,November,2023,3,Wednesday
16-Nov-23,11,November,2023,4,Thursday
17-Nov-23,11,November,2023,5,Friday
18-Nov-23,11,November,2023,6,Saturday
19-Nov-23,11,November,2023,7,Sunday
20-Nov-23,11,November,2023,1,Monday
21-Nov-23,11,November,2023,2,Tuesday
22-Nov-23,11,November,2023,3,Wednesday
23-Nov-23,11,November,2023,4,Thursday
24-Nov-23,11,November,2023,5,Friday
25-Nov-23,11,November,2023,6,Saturday
26-Nov-23,11,November,2023,7,Sunday
27-Nov-23,11,November,2023,1,Monday
28-Nov-23,11,November,2023,2,Tuesday
29-Nov-23,11,November,2023,3,Wednesday
30-Nov-23,11,November,2023,4,Thursday
01-Dec-23,12,December,2023,5,Friday
02-Dec-23,12,December,2023,6,Saturday
03-Dec-23,12,December,2023,7,Sunday
04-Dec-23,12,December,2023,1,Monday
05-Dec-23,12,December,2023,2,Tuesday
06-Dec-23,12,December,2023,3,Wednesday
07-Dec-23,12,December,2023,4,Thursday
08-Dec-23,12,December,2023,5,Friday
09-Dec-23,12,December,2023,6,Saturday
10-Dec-23,12,December,2023,7,Sunday
11-Dec-23,12,December,2023,1,Monday
12-Dec-23,12,December,2023,2,Tuesday
13-Dec-23,12,December,2023,3,Wednesday
14-Dec-23,12,December,2023,4,Thursday
15-Dec-23,12,December,2023,5,Friday
16-Dec-23,12,December,2023,6,Saturday
17-Dec-23,12,December,2023,7,Sunday
18-Dec-23,12,December,2023,1,Monday
19-Dec-23,12,December,2023,2,Tuesday
20-Dec-23,12,December,2023,3,Wednesday
21-Dec-23,12,December,2023,4,Thursday
22-Dec-23,12,December,2023,5,Friday
23-Dec-23,12,December,2023,6,Saturday
24-Dec-23,12,December,2023,7,Sunday
25-Dec-23,12,December,2023,1,Monday
26-Dec-23,12,December,2023,2,Tuesday
27-Dec-23,12,December,2023,3,Wednesday
28-Dec-23,12,December,2023,4,Thursday
29-Dec-23,12,December,2023,5,Friday
30-Dec-23,12,December,2023,6,Saturday
31-Dec-23,12,December,2023,7,Sunday
01-Jan-24,1,January,2024,1,Monday
02-Jan-24,1,January,2024,2,Tuesday
03-Jan-24,1,January,2024,3,Wednesday
04-Jan-24,1,January,2024,4,Thursday
05-Jan-24,1,January,2024,5,Friday
06-Jan-24,1,January,2024,6,Saturday
07-Jan-24,1,January,2024,7,Sunday
08-Jan-24,1,January,2024,1,Monday
09-Jan-24,1,January,2024,2,Tuesday
10-Jan-24,1,January,2024,3,Wednesday
11-Jan-24,1,January,2024,4,Thursday
12-Jan-24,1,January,2024,5,Friday
13-Jan-24,1,January,2024,6,Saturday
14-Jan-24,1,January,2024,7,Sunday
15-Jan-24,1,January,2024,1,Monday
16-Jan-24,1,January,2024,2,Tuesday
17-Jan-24,1,January,2024,3,Wednesday
18-Jan-24,1,January,2024,4,Thursday
19-Jan-24,1,January,2024,5,Friday
20-Jan-24,1,January,2024,6,Saturday
21-Jan-24,1,January,2024,7,Sunday
22-Jan-24,1,January,2024,1,Monday
23-Jan-24,1,January,2024,2,Tuesday
24-Jan-24,1,January,2024,3,Wednesday
25-Jan-24,1,January,2024,4,Thursday
26-Jan-24,1,January,2024,5,Friday
27-Jan-24,1,January,2024,6,Saturday
28-Jan-24,1,January,2024,7,Sunday
29-Jan-24,1,January,2024,1,Monday
30-Jan-24,1,January,2024,2,Tuesday
31-Jan-24,1,January,2024,3,Wednesday
01-Feb-24,2,February,2024,4,Thursday
02-Feb-24,2,February,2024,5,Friday
03-Feb-24,2,February,2024,6,Saturday
04-Feb-24,2,February,2024,7,Sunday
05-Feb-24,2,February,2024,1,Monday
06-Feb-24,2,February,2024,2,Tuesday
07-Feb-24,2,February,2024,3,Wednesday
08-Feb-24,2,February,2024,4,Thursday
09-Feb-24,2,February,2024,5,Friday
10-Feb-24,2,February,2024,6,Saturday
11-Feb-24,2,February,2024,7,Sunday
12-Feb-24,2,February,2024,1,Monday
13-Feb-24,2,February,2024,2,Tuesday
14-Feb-24,2,February,2024,3,Wednesday
15-Feb-24,2,February,2024,4,Thursday
16-Feb-24,2,February,2024,5,Friday
17-Feb-24,2,February,2024,6,Saturday
18-Feb-24,2,February,2024,7,Sunday
19-Feb-24,2,February,2024,1,Monday
20-Feb-24,2,February,2024,2,Tuesday
21-Feb-24,2,February,2024,3,Wednesday
22-Feb-24,2,February,2024,4,Thursday
23-Feb-24,2,February,2024,5,Friday
24-Feb-24,2,February,2024,6,Saturday
25-Feb-24,2,February,2024,7,Sunday
26-Feb-24,2,February,2024,1,Monday
27-Feb-24,2,February,2024,2,Tuesday
28-Feb-24,2,February,2024,3,Wednesday
29-Feb-24,2,February,2024,4,Thursday
01-Mar-24,3,March,2024,5,Friday
02-Mar-24,3,March,2024,6,Saturday
03-Mar-24,3,March,2024,7,Sunday
04-Mar-24,3,March,2024,1,Monday
05-Mar-24,3,March,2024,2,Tuesday
06-Mar-24,3,March,2024,3,Wednesday
07-Mar-24,3,March,2024,4,Thursday
08-Mar-24,3,March,2024,5,Friday
09-Mar-24,3,March,2024,6,Saturday
10-Mar-24,3,March,2024,7,Sunday
11-Mar-24,3,March,2024,1,Monday
12-Mar-24,3,March,2024,2,Tuesday
13-Mar-24,3,March,2024,3,Wednesday
14-Mar-24,3,March,2024,4,Thursday
15-Mar-24,3,March,2024,5,Friday
16-Mar-24,3,March,2024,6,Saturday
17-Mar-24,3,March,2024,7,Sunday
18-Mar-24,3,March,2024,1,Monday
19-Mar-24,3,March,2024,2,Tuesday
20-Mar-24,3,March,2024,3,Wednesday
21-Mar-24,3,March,2024,4,Thursday
22-Mar-24,3,March,2024,5,Friday
23-Mar-24,3,March,2024,6,Saturday
24-Mar-24,3,March,2024,7,Sunday
25-Mar-24,3,March,2024,1,Monday
26-Mar-24,3,March,2024,2,Tuesday
27-Mar-24,3,March,2024,3,Wednesday
28-Mar-24,3,March,2024,4,Thursday
29-Mar-24,3,March,2024,5,Friday
30-Mar-24,3,March,2024,6,Saturday
31-Mar-24,3,March,2024,7,Sunday
01-Apr-24,4,April,2024,1,Monday
02-Apr-24,4,April,2024,2,Tuesday
03-Apr-24,4,April,2024,3,Wednesday
04-Apr-24,4,April,2024,4,Thursday
05-Apr-24,4,April,2024,5,Friday
06-Apr-24,4,April,2024,6,Saturday
07-Apr-24,4,April,2024,7,Sunday
08-Apr-24,4,April,2024,1,Monday
09-Apr-24,4,April,2024,2,Tuesday
10-Apr-24,4,April,2024,3,Wednesday
11-Apr-24,4,April,2024,4,Thursday
12-Apr-24,4,April,2024,5,Friday
13-Apr-24,4,April,2024,6,Saturday
14-Apr-24,4,April,2024,7,Sunday
15-Apr-24,4,April,2024,1,Monday
16-Apr-24,4,April,2024,2,Tuesday
17-Apr-24,4,April,2024,3,Wednesday
18-Apr-24,4,April,2024,4,Thursday
19-Apr-24,4,April,2024,5,Friday
20-Apr-24,4,April,2024,6,Saturday
21-Apr-24,4,April,2024,7,Sunday
22-Apr-24,4,April,2024,1,Monday
23-Apr-24,4,April,2024,2,Tuesday
24-Apr-24,4,April,2024,3,Wednesday
25-Apr-24,4,April,2024,4,Thursday
26-Apr-24,4,April,2024,5,Friday
27-Apr-24,4,April,2024,6,Saturday
28-Apr-24,4,April,2024,7,Sunday
29-Apr-24,4,April,2024,1,Monday
30-Apr-24,4,April,2024,2,Tuesday
01-May-24,5,May,2024,3,Wednesday
02-May-24,5,May,2024,4,Thursday
03-May-24,5,May,2024,5,Friday
04-May-24,5,May,2024,6,Saturday
05-May-24,5,May,2024,7,Sunday
06-May-24,5,May,2024,1,Monday
07-May-24,5,May,2024,2,Tuesday
08-May-24,5,May,2024,3,Wednesday
09-May-24,5,May,2024,4,Thursday
10-May-24,5,May,2024,5,Friday
11-May-24,5,May,2024,6,Saturday
12-May-24,5,May,2024,7,Sunday
13-May-24,5,May,2024,1,Monday
14-May-24,5,May,2024,2,Tuesday
15-May-24,5,May,2024,3,Wednesday
16-May-24,5,May,2024,4,Thursday
17-May-24,5,May,2024,5,Friday
18-May-24,5,May,2024,6,Saturday
19-May-24,5,May,2024,7,Sunday
20-May-24,5,May,2024,1,Monday
21-May-24,5,May,2024,2,Tuesday
22-May-24,5,May,2024,3,Wednesday
23-May-24,5,May,2024,4,Thursday
24-May-24,5,May,2024,5,Friday
25-May-24,5,May,2024,6,Saturday
26-May-24,5,May,2024,7,Sunday
27-May-24,5,May,2024,1,Monday
28-May-24,5,May,2024,2,Tuesday
29-May-24,5,May,2024,3,Wednesday
30-May-24,5,May,2024,4,Thursday
31-May-24,5,May,2024,5,Friday
01-Jun-24,6,June,2024,6,Saturday
02-Jun-24,6,June,2024,7,Sunday
03-Jun-24,6,June,2024,1,Monday
04-Jun-24,6,June,2024,2,Tuesday
05-Jun-24,6,June,2024,3,Wednesday
06-Jun-24,6,June,2024,4,Thursday
07-Jun-24,6,June,2024,5,Friday
08-Jun-24,6,June,2024,6,Saturday
09-Jun-24,6,June,2024,7,Sunday
10-Jun-24,6,June,2024,1,Monday
11-Jun-24,6,June,2024,2,Tuesday
12-Jun-24,6,June,2024,3,Wednesday
13-Jun-24,6,June,2024,4,Thursday
14-Jun-24,6,June,2024,5,Friday
15-Jun-24,6,June,2024,6,Saturday
16-Jun-24,6,June,2024,7,Sunday
17-Jun-24,6,June,2024,1,Monday
18-Jun-24,6,June,2024,2,Tuesday
19-Jun-24,6,June,2024,3,Wednesday
20-Jun-24,6,June,2024,4,Thursday
21-Jun-24,6,June,2024,5,Friday
22-Jun-24,6,June,2024,6,Saturday
23-Jun-24,6,June,2024,7,Sunday
24-Jun-24,6,June,2024,1,Monday
25-Jun-24,6,June,2024,2,Tuesday
26-Jun-24,6,June,2024,3,Wednesday
27-Jun-24,6,June,2024,4,Thursday
28-Jun-24,6,June,2024,5,Friday
29-Jun-24,6,June,2024,6,Saturday
30-Jun-24,6,June,2024,7,Sunday
01-Jul-24,7,July,2024,1,Monday
02-Jul-24,7,July,2024,2,Tuesday
03-Jul-24,7,July,2024,3,Wednesday
04-Jul-24,7,July,2024,4,Thursday
05-Jul-24,7,July,2024,5,Friday
06-Jul-24,7,July,2024,6,Saturday
07-Jul-24,7,July,2024,7,Sunday
08-Jul-24,7,July,2024,1,Monday
09-Jul-24,7,July,2024,2,Tuesday
10-Jul-24,7,July,2024,3,Wednesday
11-Jul-24,7,July,2024,4,Thursday
12-Jul-24,7,July,2024,5,Friday
13-Jul-24,7,July,2024,6,Saturday
14-Jul-24,7,July,2024,7,Sunday
15-Jul-24,7,July,2024,1,Monday
16-Jul-24,7,July,2024,2,Tuesday
17-Jul-24,7,July,2024,3,Wednesday
18-Jul-24,7,July,2024,4,Thursday
19-Jul-24,7,July,2024,5,Friday
20-Jul-24,7,July,2024,6,Saturday
21-Jul-24,7,July,2024,7,Sunday
22-Jul-24,7,July,2024,1,Monday
23-Jul-24,7,July,2024,2,Tuesday
24-Jul-24,7,July,2024,3,Wednesday
25-Jul-24,7,July,2024,4,Thursday
26-Jul-24,7,July,2024,5,Friday
27-Jul-24,7,July,2024,6,Saturday
28-Jul-24,7,July,2024,7,Sunday
29-Jul-24,7,July,2024,1,Monday
30-Jul-24,7,July,2024,2,Tuesday
31-Jul-24,7,July,2024,3,Wednesday
01-Aug-24,8,August,2024,4,Thursday
02-Aug-24,8,August,2024,5,Friday
03-Aug-24,8,August,2024,6,Saturday
04-Aug-24,8,August,2024,7,Sunday
05-Aug-24,8,August,2024,1,Monday
06-Aug-24,8,August,2024,2,Tuesday
07-Aug-24,8,August,2024,3,Wednesday
08-Aug-24,8,August,2024,4,Thursday
09-Aug-24,8,August,2024,5,Friday
10-Aug-24,8,August,2024,6,Saturday
11-Aug-24,8,August,2024,7,Sunday
12-Aug-24,8,August,2024,1,Monday
13-Aug-24,8,August,2024,2,Tuesday
14-Aug-24,8,August,2024,3,Wednesday
15-Aug-24,8,August,2024,4,Thursday
16-Aug-24,8,August,2024,5,Friday
17-Aug-24,8,August,2024,6,Saturday
18-Aug-24,8,August,2024,7,Sunday
19-Aug-24,8,August,2024,1,Monday
20-Aug-24,8,August,2024,2,Tuesday
21-Aug-24,8,August,2024,3,Wednesday
22-Aug-24,8,August,2024,4,Thursday
23-Aug-24,8,August,2024,5,Friday
24-Aug-24,8,August,2024,6,Saturday
25-Aug-24,8,August,2024,7,Sunday
26-Aug-24,8,August,2024,1,Monday
27-Aug-24,8,August,2024,2,Tuesday
28-Aug-24,8,August,2024,3,Wednesday
29-Aug-24,8,August,2024,4,Thursday
30-Aug-24,8,August,2024,5,Friday
31-Aug-24,8,August,2024,6,Saturday
01-Sep-24,9,September,2024,7,Sunday
02-Sep-24,9,September,2024,1,Monday
03-Sep-24,9,September,2024,2,Tuesday
04-Sep-24,9,September,2024,3,Wednesday
05-Sep-24,9,September,2024,4,Thursday
06-Sep-24,9,September,2024,5,Friday
07-Sep-24,9,September,2024,6,Saturday
08-Sep-24,9,September,2024,7,Sunday
09-Sep-24,9,September,2024,1,Monday
10-Sep-24,9,September,2024,2,Tuesday
11-Sep-24,9,September,2024,3,Wednesday
12-Sep-24,9,September,2024,4,Thursday
13-Sep-24,9,September,2024,5,Friday
14-Sep-24,9,September,2024,6,Saturday
15-Sep-24,9,September,2024,7,Sunday
16-Sep-24,9,September,2024,1,Monday
17-Sep-24,9,September,2024,2,Tuesday
18-Sep-24,9,September,2024,3,Wednesday
19-Sep-24,9,September,2024,4,Thursday
20-Sep-24,9,September,2024,5,Friday
21-Sep-24,9,September,2024,6,Saturday
22-Sep-24,9,September,2024,7,Sunday
23-Sep-24,9,September,2024,1,Monday
24-Sep-24,9,September,2024,2,Tuesday
25-Sep-24,9,September,2024,3,Wednesday
26-Sep-24,9,September,2024,4,Thursday
27-Sep-24,9,September,2024,5,Friday
28-Sep-24,9,September,2024,6,Saturday
29-Sep-24,9,September,2024,7,Sunday
30-Sep-24,9,September,2024,1,Monday
01-Oct-24,10,October,2024,2,Tuesday
02-Oct-24,10,October,2024,3,Wednesday
03-Oct-24,10,October,2024,4,Thursday
04-Oct-24,10,October,2024,5,Friday
05-Oct-24,10,October,2024,6,Saturday
06-Oct-24,10,October,2024,7,Sunday
07-Oct-24,10,October,2024,1,Monday
08-Oct-24,10,October,2024,2,Tuesday
09-Oct-24,10,October,2024,3,Wednesday
10-Oct-24,10,October,2024,4,Thursday
11-Oct-24,10,October,2024,5,Friday
12-Oct-24,10,October,2024,6,Saturday
13-Oct-24,10,October,2024,7,Sunday
14-Oct-24,10,October,2024,1,Monday
15-Oct-24,10,October,2024,2,Tuesday
16-Oct-24,10,October,2024,3,Wednesday
17-Oct-24,10,October,2024,4,Thursday
18-Oct-24,10,October,2024,5,Friday
19-Oct-24,10,October,2024,6,Saturday
20-Oct-24,10,October,2024,7,Sunday
21-Oct-24,10,October,2024,1,Monday
22-Oct-24,10,October,2024,2,Tuesday
23-Oct-24,10,October,2024,3,Wednesday
24-Oct-24,10,October,2024,4,Thursday
25-Oct-24,10,October,2024,5,Friday
26-Oct-24,10,October,2024,6,Saturday
27-Oct-24,10,October,2024,7,Sunday
28-Oct-24,10,October,2024,1,Monday
29-Oct-24,10,October,2024,2,Tuesday
30-Oct-24,10,October,2024,3,Wednesday
31-Oct-24,10,October,2024,4,Thursday
01-Nov-24,11,November,2024,5,Friday
02-Nov-24,11,November,2024,6,Saturday
03-Nov-24,11,November,2024,7,Sunday
04-Nov-24,11,November,2024,1,Monday
05-Nov-24,11,November,2024,2,Tuesday
06-Nov-24,11,November,2024,3,Wednesday
07-Nov-24,11,November,2024,4,Thursday
08-Nov-24,11,November,2024,5,Friday
09-Nov-24,11,November,2024,6,Saturday
10-Nov-24,11,November,2024,7,Sunday
11-Nov-24,11,November,2024,1,Monday
12-Nov-24,11,November,2024,2,Tuesday
13-Nov-24,11,November,2024,3,Wednesday
14-Nov-24,11,November,2024,4,Thursday
15-Nov-24,11,November,2024,5,Friday
16-Nov-24,11,November,2024,6,Saturday
17-Nov-24,11,November,2024,7,Sunday
18-Nov-24,11,November,2024,1,Monday
19-Nov-24,11,November,2024,2,Tuesday
20-Nov-24,11,November,2024,3,Wednesday
21-Nov-24,11,November,2024,4,Thursday
22-Nov-24,11,November,2024,5,Friday
23-Nov-24,11,November,2024,6,Saturday
24-Nov-24,11,November,2024,7,Sunday
25-Nov-24,11,November,2024,1,Monday
26-Nov-24,11,November,2024,2,Tuesday
27-Nov-24,11,November,2024,3,Wednesday
28-Nov-24,11,November,2024,4,Thursday
29-Nov-24,11,November,2024,5,Friday
30-Nov-24,11,November,2024,6,Saturday
01-Dec-24,12,December,2024,7,Sunday
02-Dec-24,12,December,2024,1,Monday
03-Dec-24,12,December,2024,2,Tuesday
04-Dec-24,12,December,2024,3,Wednesday
05-Dec-24,12,December,2024,4,Thursday
06-Dec-24,12,December,2024,5,Friday
07-Dec-24,12,December,2024,6,Saturday
08-Dec-24,12,December,2024,7,Sunday
09-Dec-24,12,December,2024,1,Monday
10-Dec-24,12,December,2024,2,Tuesday
11-Dec-24,12,December,2024,3,Wednesday
12-Dec-24,12,December,2024,4,Thursday
13-Dec-24,12,December,2024,5,Friday
14-Dec-24,12,December,2024,6,Saturday
15-Dec-24,12,December,2024,7,Sunday
16-Dec-24,12,December,2024,1,Monday
17-Dec-24,12,December,2024,2,Tuesday
18-Dec-24,12,December,2024,3,Wednesday
19-Dec-24,12,December,2024,4,Thursday
20-Dec-24,12,December,2024,5,Friday
21-Dec-24,12,December,2024,6,Saturday
22-Dec-24,12,December,2024,7,Sunday
23-Dec-24,12,December,2024,1,Monday
24-Dec-24,12,December,2024,2,Tuesday
25-Dec-24,12,December,2024,3,Wednesday
26-Dec-24,12,December,2024,4,Thursday
27-Dec-24,12,December,2024,5,Friday
28-Dec-24,12,December,2024,6,Saturday
29-Dec-24,12,December,2024,7,Sunday
30-Dec-24,12,December,2024,1,Monday
31-Dec-24,12,December,2024,2,Tuesday
01-Jan-25,1,January,2025,3,Wednesday
02-Jan-25,1,January,2025,4,Thursday
03-Jan-25,1,January,2025,5,Friday
04-Jan-25,1,January,2025,6,Saturday
05-Jan-25,1,January,2025,7,Sunday
06-Jan-25,1,January,2025,1,Monday
07-Jan-25,1,January,2025,2,Tuesday
08-Jan-25,1,January,2025,3,Wednesday
09-Jan-25,1,January,2025,4,Thursday
10-Jan-25,1,January,2025,5,Friday
11-Jan-25,1,January,2025,6,Saturday
12-Jan-25,1,January,2025,7,Sunday
13-Jan-25,1,January,2025,1,Monday
14-Jan-25,1,January,2025,2,Tuesday
15-Jan-25,1,January,2025,3,Wednesday
16-Jan-25,1,January,2025,4,Thursday
17-Jan-25,1,January,2025,5,Friday
18-Jan-25,1,January,2025,6,Saturday
19-Jan-25,1,January,2025,7,Sunday
20-Jan-25,1,January,2025,1,Monday
21-Jan-25,1,January,2025,2,Tuesday
22-Jan-25,1,January,2025,3,Wednesday
23-Jan-25,1,January,2025,4,Thursday
24-Jan-25,1,January,2025,5,Friday
25-Jan-25,1,January,2025,6,Saturday
26-Jan-25,1,January,2025,7,Sunday
27-Jan-25,1,January,2025,1,Monday
28-Jan-25,1,January,2025,2,Tuesday
29-Jan-25,1,January,2025,3,Wednesday
30-Jan-25,1,January,2025,4,Thursday
31-Jan-25,1,January,2025,5,Friday
01-Feb-25,2,February,2025,6,Saturday
02-Feb-25,2,February,2025,7,Sunday
03-Feb-25,2,February,2025,1,Monday
04-Feb-25,2,February,2025,2,Tuesday
05-Feb-25,2,February,2025,3,Wednesday
06-Feb-25,2,February,2025,4,Thursday
07-Feb-25,2,February,2025,5,Friday
08-Feb-25,2,February,2025,6,Saturday
09-Feb-25,2,February,2025,7,Sunday
10-Feb-25,2,February,2025,1,Monday
11-Feb-25,2,February,2025,2,Tuesday
12-Feb-25,2,February,2025,3,Wednesday
13-Feb-25,2,February,2025,4,Thursday
14-Feb-25,2,February,2025,5,Friday
15-Feb-25,2,February,2025,6,Saturday
16-Feb-25,2,February,2025,7,Sunday
17-Feb-25,2,February,2025,1,Monday
18-Feb-25,2,February,2025,2,Tuesday
19-Feb-25,2,February,2025,3,Wednesday
20-Feb-25,2,February,2025,4,Thursday
21-Feb-25,2,February,2025,5,Friday
22-Feb-25,2,February,2025,6,Saturday
23-Feb-25,2,February,2025,7,Sunday
24-Feb-25,2,February,2025,1,Monday
25-Feb-25,2,February,2025,2,Tuesday
26-Feb-25,2,February,2025,3,Wednesday
27-Feb-25,2,February,2025,4,Thursday
28-Feb-25,2,February,2025,5,Friday
01-Mar-25,3,March,2025,6,Saturday
02-Mar-25,3,March,2025,7,Sunday
03-Mar-25,3,March,2025,1,Monday
04-Mar-25,3,March,2025,2,Tuesday
05-Mar-25,3,March,2025,3,Wednesday
06-Mar-25,3,March,2025,4,Thursday
07-Mar-25,3,March,2025,5,Friday
08-Mar-25,3,March,2025,6,Saturday
09-Mar-25,3,March,2025,7,Sunday
10-Mar-25,3,March,2025,1,Monday
11-Mar-25,3,March,2025,2,Tuesday
12-Mar-25,3,March,2025,3,Wednesday
13-Mar-25,3,March,2025,4,Thursday
14-Mar-25,3,March,2025,5,Friday
15-Mar-25,3,March,2025,6,Saturday
16-Mar-25,3,March,2025,7,Sunday
17-Mar-25,3,March,2025,1,Monday
18-Mar-25,3,March,2025,2,Tuesday
19-Mar-25,3,March,2025,3,Wednesday
20-Mar-25,3,March,2025,4,Thursday
21-Mar-25,3,March,2025,5,Friday
22-Mar-25,3,March,2025,6,Saturday
23-Mar-25,3,March,2025,7,Sunday
24-Mar-25,3,March,2025,1,Monday
25-Mar-25,3,March,2025,2,Tuesday
26-Mar-25,3,March,2025,3,Wednesday
27-Mar-25,3,March,2025,4,Thursday
28-Mar-25,3,March,2025,5,Friday
29-Mar-25,3,March,2025,6,Saturday
30-Mar-25,3,March,2025,7,Sunday
31-Mar-25,3,March,2025,1,Monday
